alien,somal,stave,alike,tibia,regal,stale,graft,pleat,adore,chain,tidal,paste,stain,sally,spare,algal,abhor,daffy,cagey,trace,media,vitae,scary,pedal,bayou,waken,abyss,quash,allyl,taint,agate,aloha,angel,octal,cacti,trait,lager,chair,fecal,cilia,omega,brass,pupae,clamp,amide,audit,ovate,quota,baron,shave,drain,anion,roach,naiad,align,flash,wreak,match,pansy,viola,hazel,canoe,parry,smash,hydra,cache,samba,aware,plain,saint,gnash,eagle,panda,padre,sharp,d'art,cleat,aside,heady,value,petal,modal,human,karma,allot,daisy,roast,ankle,plasm,gamma,harem,mealy,stagy,alter,array,gavel,plant,squaw,davit,abort,atoll,fault,scamp,album,grail,cable,flora,groat,cacao,yeast,maria,swain,mural,infra,shaky,crate,scalp,annex,bathe,ashen,panty,banal,macaw,shale,stair,flake,treat,basil,patch,basal,spark,frank,happy,sweat,cedar,toast,tacky,medal,farad,razor,steal,alias,dream,straw,tardy,beard,aloof,passe,plate,canal,sappy,usual,penna,ideal,stake,alarm,hyena,offal,awoke,aloud,laity,taffy,board,carne,lance,mylar,grasp,rabbi,harpy,scarp,lasso,waxen,alder,tread,audio,candy,snark,staph,talon,drank,adopt,whale,leafy,water,mynah,gases,brawl,scrap,borax,neath,waive,pater,angry,tweak,rangy,beach,plank,ladle,nasty,okapi,spawn,haunt,abode,spear,shear,champ,scale,magic,rival,stack,cocoa,gamut,stand,bassi,canon,meant,gloat,ocean,hoagy,agave,cloak,prank,fraud,tarry,gauge,claim,acute,basis,tangy,trade,oaken,curia,cotta,plane,hasty,hogan,stray,waltz,blaze,sable,exalt,final,grata,quaff,podia,havoc,along,acorn,train,gauzy,magna,laura,stank,plead,abbey,paddy,haiku,pampa,stage,maple,pappy,badge,walla,party,knack,zebra,blade,dealt,drawl,macho,chart,angle,blast,labia,nasal,chaff,amino,chase,smear,surah,aphid,novae,radar,glare,unary,ultra,kulak,bylaw,alibi,strap,plaza,dread,smart,cream,feast,polka,agile,wacke,grace,soapy,satan,whack,meaty,valid,peace,snail,mayor,sauna,class,beman,aisle,arise,dryad,slack,abase,wrath,shady,woman,stash,rajah,avoid,sumac,chasm,amass,death,amble,rater,taboo,salve,quack,blank,abbot,wacky,taunt,fetal,batik,gaudy,croak,squat,qualm,chard,grade,naval,facet,habit,divan,degas,grass,actor,plait,natal,kazoo,talky,anise,sneak,lapse,adage,mamma,latex,gland,ain't,fovea,carob,facto,atone,viral,carte,lilac,nadir,annul,glaze,clean,playa,mange,later,argue,axiom,junta,basin,oasis,dogma,quart,cease,fable,adorn,matte,harry,sauce,laugh,scaly,mocha,natty,fancy,agent,mater,quail,eaten,inapt,manic,flask,aspen,heath,sabra,pearl,askew,broad,faint,palsy,ample,theta,frail,larva,loyal,trash,sandy,yacht,iliac,leaky,legal,major,trial,apply,zazen,angst,bread,kappa,panel,begat,agree,sigma,foray,khaki,radon,lemma,guard,naive,manse,patty,taxon,halve,caddy,augur,stoat,float,awake,fauna,shako,panic,clash,aural,shaft,tramp,chant,staid,caret,watch,metal,loath,shape,inane,stare,caulk,vital,canto,velar,salty,vista,aloft,savvy,phase,batch,axial,briar,ahead,radix,datum,freak,umbra,llama,blanc,macro,saucy,molal,aerie,avert,china,brave,speak,carol,wafer,mania,dewar,tasty,annoy,taste,swart,march,abash,clear,brain,satyr,gleam,draft,dicta,quasi,brand,false,hoard,manor,savoy,pause,raise,staff,chalk,auxin,crawl,peach,banjo,adult,ranch,sedan,alloy,beast,flair,harsh,assai,small,amigo,allow,argon,anger,baldy,crane,leapt,blame,intra,paint,crash,renal,canna,gonad,glass,camel,weave,agony,slake,cause,inlay,tappa,algae,naked,state,tapis,can't,vocal,hater,adept,orate,salon,basso,phyla,shard,colza,decay,organ,glans,groan,ovary,lathe,papal,sulfa,navel,patio,kodak,valet,stead,calla,torah,gable,bream,grain,sheaf,irate,snarl,pizza,attic,cairn,amend,about,slave,above,allay,nodal,argot,spate,swear,tally,sepia,gravy,amort,scant,triad,poach,molar,polar,cycad,byway,auger,arose,aback,agone,supra,shall,gassy,haven,foamy,radii,await,cobra,basic,scald,break,acrid,share,anent,glean,eager,calve,tansy,farce,braid,rainy,heart,lobar,wheat,washy,addle,shake,boyar,focal,brake,among,flaky,sugar,fatal,trail,sonar,grate,dwarf,royal,vacuo,scram,nawab,wally,pasty,local,caste,arrow,lapel,flail,solar,today,admit,amaze,award,afire,penal,laden,start,anvil,apple,elate,scarf,azure,rapid,annum,arson,crass,swarm,daddy,gauss,drake,clasp,heavy,shark,bandy,altar,adobe,crave,lanky,parse,jazzy,cheat,grave,handy,amber,coral,boast,tacit,slash,label,shoal,adapt,trans,haste,slate,table,peaky,pecan,squad,steak,blare,cater,flack,dairy,great,calyx,amiss,affix,place,graze,eclat,gawky,marsh,fatty,amity,essay,leave,avail,randy,erase,taiga,clank,diary,equal,ascii,ratio,stall,radio,easel,latch,flank,slang,balmy,crank,stupa,waste,canny,clang,glade,dally,friar,maybe,bater,realm,satin,mason,assay,fairy,plaid,guano,craze,evade,swath,flare,bawdy,ready,circa,snafu,cargo,tract,carve,cheap,bravo,faery,nomad,cigar,balsa,marry,paean,leash,thank,swamp,anode,spade,swank,emacs,aleph,salvo,alert,topaz,stamp,valve,space,delay,decal,bleak,versa,magma,brace,vague,slain,kapok,ducat,grand,twain,smack,baggy,earth,sisal,admix,oases,maxim,beady,coach,lunar,reach,stark,opera,giant,tonal,brant,beaux,graph,urban,papaw,suave,shawl,auric,alone,kraut,gator,again,caper,drama,talus,hatch,abide,balky,swami,manna,debar,wharf,lease,spasm,eater,dater,apron,reave,weary,grape,baste,brash,aorta,comma,aegis,heave,crack,rally,alpha,annal,extra,madam,moral,villa,exact,gamin,creak,abuse,leach,abbas,mango,sepal,bland,biota,liana,cadet,toady,knead,shade,grant,drawn,paper,shank,taken,snack,latus,rabat,tawny,saute,afoot,splat,learn,psalm,slant,pasha,bleat,tease,faith,koala,yucca,shack,gaunt,mauve,rural,gauze,gnarl,awful,quark,coast,cabin,monad,baton,culpa,ravel,tapir,wrack,cavil,adieu,frame,seamy,tatty,franc,track,mambo,scuba,mangy,range,tango,arena,alive,craft,daunt,shame,hardy,snake,vacua,maser,loamy,mayst,delta,steam,rabid,black,kraft,halma,vicar,layup,crazy,atlas,awash,snare,warty,usage,chafe,salad,yearn,bract,waist,copra,carry,cameo,splay,large,piano,amply,drape,abate,apart,scaup,pagan,aroma,parch,quake,taper,fugal,phage,bloat,miaow,scare,larch,dandy,cadre,total,barre,tater,hairy,stalk,avian,vodka,heard,amuse,pupal,aster,prima,image,began,catch,barge,charm,cramp,alley,gaffe,raven,venal,spray,chaos,bacon,teach,skate,vault,antic,dance,arhat,septa,least,trawl,asset,parka,cabal,flame
blitz,brink,berth,tibia,orbit,beset,abhor,bound,bourn,bayou,abyss,belle,bluff,bosom,brass,baron,belly,boggy,bilge,samba,beryl,hobby,bedim,budge,bossy,bruit,booze,briny,abort,album,cable,blurb,bonze,build,bathe,brine,banal,booky,bogey,basil,basal,blimp,beard,booty,bloom,board,rabbi,beige,boost,brawl,borax,blurt,boric,beach,birth,bloke,abode,brush,bliss,bassi,basis,ebony,butte,bribe,thumb,blaze,noble,sable,blond,bicep,burnt,abbey,badge,zebra,begun,blade,blast,labia,bulge,bezel,bylaw,alibi,belie,broke,beman,boron,bongo,abase,brief,blush,amble,taboo,bebop,blank,abbot,batik,kombu,habit,borne,blunt,bring,carob,bevel,bunch,brook,berne,butyl,basin,shrub,being,fable,bundy,sabra,broad,block,brown,bread,brick,bloop,begat,bough,broil,betel,bulky,bluet,beget,oxbow,broom,batch,begin,briar,buggy,bowie,grebe,umbra,blanc,beret,tibet,brave,breed,booby,blend,abash,libel,brain,biddy,objet,brand,blink,buxom,banjo,beast,begot,baldy,buddy,blame,derby,basso,binge,cubby,gable,bream,bugle,about,above,beech,byway,aback,bobby,cobra,basic,bless,break,braid,lobar,boyar,brake,climb,bitch,nawab,bowel,limbo,bogus,hubby,butch,breve,bandy,burro,adobe,throb,amber,boast,label,berry,table,blare,bunny,robin,balmy,obese,brood,imbue,befog,maybe,bater,buteo,booth,bawdy,burly,billy,bravo,balsa,bride,blind,broth,bleak,brace,elbow,burst,baggy,beady,gibby,brant,beaux,weber,bench,urban,scrub,bushy,abide,balky,debar,gumbo,baste,brash,brute,boson,abuse,abbas,bland,befit,biota,brisk,rabat,belch,blood,bleat,beefy,probe,sibyl,crumb,debut,bison,cabin,debit,baton,lobby,embed,below,plumb,umber,mambo,blown,scuba,brunt,sober,botch,buret,rabid,black,bully,bigot,cubic,bleed,bract,blest,doubt,rebel,globe,abate,cubit,ember,buzzy,bonus,debug,bloat,robot,built,barre,began,birch,barge,bumpy,jumbo,bacon,tribe,cabal
crump,criss,decry,chain,codex,dolce,trick,cagey,ounce,trace,scary,chute,epoch,chink,octal,cacti,focus,hitch,chair,fecal,slice,fence,cilia,score,lucre,clamp,crust,curio,coney,roach,match,truck,rocky,scull,canoe,crone,cache,speck,clerk,mince,civil,cotty,cleat,chevy,flock,juice,corps,scamp,stick,octet,cable,cacao,scowl,sonic,crate,scalp,mucus,picky,macaw,lucid,close,cosec,patch,cedar,cling,tacky,crush,coven,cooky,chili,canal,cocky,codon,frock,optic,fetch,carne,lance,scarp,vouch,curry,candy,ditch,chewy,scrap,excel,boric,edict,beach,ohmic,cycle,chomp,gecko,champ,scale,magic,stack,cocoa,canon,chuck,lucky,ocean,cloak,hunch,ethic,pooch,logic,claim,knock,zilch,cynic,acute,lurch,eucre,curia,cotta,mecum,clime,erect,curve,bicep,havoc,acorn,munch,hutch,chose,colic,chine,knack,thick,voice,macho,chart,chaff,chase,spicy,cinch,chill,punch,cream,niece,wacke,grace,whack,typic,peace,class,tecum,child,winch,slack,sumac,crude,chasm,quack,clink,crepe,wacky,croak,decor,chard,facet,coset,actor,coupe,colon,scops,snick,clomp,fiche,carob,facto,carte,bunch,lilac,shock,clean,stuck,click,conic,ketch,cease,scout,crore,chess,sauce,crony,scaly,mocha,chick,fancy,cowry,shuck,manic,hooch,churn,croon,block,decoy,monic,notch,corny,yacht,iliac,chuff,twice,brick,cough,folic,junco,which,chock,caddy,panic,scion,stock,clash,chant,caret,watch,cruel,tunic,caulk,canto,batch,quick,blanc,macro,saucy,conch,clown,china,carol,mooch,count,prick,march,comic,clear,douce,dicta,itchy,cheer,chalk,cozen,crawl,peach,csnet,ranch,pinch,coypu,crane,finch,crash,witch,cluck,canna,camel,cider,cause,crisp,can't,vocal,occur,colza,decay,lynch,touch,clout,hence,cubby,calla,cumin,pluck,curie,clung,attic,cairn,force,scoff,lycee,beech,crown,elect,scant,poach,leech,cycad,aback,mimic,chump,cobra,basic,scald,cleft,crowd,screw,acrid,calve,scoot,runic,farce,croft,crock,focal,climb,scrim,chirp,bitch,knick,vacuo,scram,cloth,local,caste,choir,scarf,cross,since,crass,crypt,cover,scene,crime,clasp,butch,crave,mulch,evict,cheat,coral,covet,clone,tacit,medic,vetch,civet,pecan,cater,flack,uncle,calyx,place,eclat,psych,nonce,clank,ascii,latch,crank,canny,mulct,spice,clang,niche,craze,circa,cargo,tract,carve,cheap,couch,flick,cigar,mercy,chord,porch,scour,emacs,dunce,space,cress,decal,credo,brace,price,ducat,incur,smack,micro,scorn,coach,reach,feces,creed,creep,bench,coyly,milch,choke,cloud,auric,comet,scrub,caper,creek,tonic,hatch,locus,toxic,chime,pence,curse,ionic,wince,comma,music,crack,torch,emcee,scuff,chest,lunch,exact,creak,leach,crest,clump,cadet,crook,retch,snack,belch,filch,chive,yucca,shack,topic,scold,chief,gulch,juicy,crumb,coast,scent,chore,cabin,scoop,culpa,wrack,cavil,crimp,franc,track,chunk,scope,scuba,chide,wreck,botch,craft,crept,pouch,cliff,pitch,vacua,black,slick,vicar,crazy,chafe,cubic,bract,copra,carry,ulcer,cameo,eject,scaup,cubit,cheek,parch,clock,chert,relic,scare,lyric,larch,could,cadre,court,fleck,civic,catch,birch,charm,cramp,truce,chaos,clove,bacon,stoic,teach,perch,antic,dance,check,deuce,piece,cabal
decry,adore,tidal,codex,elder,erode,daffy,bound,dolce,reedy,rigid,proud,media,pedal,defer,deify,dusty,edify,dulse,amide,audit,drain,naiad,olden,hydra,dozen,oxide,humid,panda,padre,dully,midst,d'art,aside,bedim,heady,modal,solid,budge,droop,daisy,idiom,tepid,livid,drill,davit,build,depot,rondo,order,third,demit,lucid,etude,cedar,medal,farad,dream,tardy,beard,fetid,ideal,codon,aloud,stood,board,slide,diety,alder,tread,audio,exude,candy,drank,ditch,adopt,found,dross,timid,edict,seder,ditto,ladle,abode,stand,fraud,drool,fudge,trade,deter,widow,dummy,blond,fluid,podia,plead,paddy,badge,ridge,sedge,pride,blade,dealt,drawl,aphid,radar,dread,drunk,valid,child,dryad,shady,wound,gourd,avoid,mould,flood,crude,death,digit,drove,elude,gaudy,decor,chard,grade,dolly,endow,divan,degas,ledge,adage,gland,mound,fjord,yield,pound,nadir,judge,dogma,frond,adorn,hondo,shred,dress,bundy,drive,droll,deign,needy,broad,kudzu,decoy,sandy,squid,bread,ditty,depth,radon,guard,wordy,hound,caddy,geode,staid,dowel,moldy,spend,guide,wield,podge,width,steed,druid,ahead,radix,datum,modem,dowry,breed,dewar,blend,biddy,douce,draft,dicta,dying,brand,hoard,lodge,odium,dingy,adult,sedan,baldy,buddy,upend,gonad,drupe,cider,naked,derby,rodeo,adept,video,shard,decay,dwelt,kodak,stead,rowdy,idyll,goody,amend,nodal,dizzy,toddy,wedge,drone,index,horde,triad,cycad,seedy,drink,radii,scald,hodge,crowd,acrid,eider,elide,windy,study,braid,addle,dense,lipid,howdy,speed,dwarf,guild,today,admit,award,weird,laden,rapid,daddy,drake,bandy,adobe,handy,medic,adapt,squad,midge,dairy,drift,woody,deity,randy,you'd,diary,radio,model,hedge,grind,brood,glade,dally,plaid,under,evade,who'd,prude,bawdy,ready,nomad,demon,bride,anode,delve,chord,spade,blind,dunce,delay,decal,credo,ducat,grand,admix,beady,idiot,sidle,creed,cloud,dingo,drama,she'd,abide,hydro,debar,dater,drown,diode,douse,madam,bland,cadet,yodel,toady,knead,shade,drawn,lurid,degum,glide,downy,blood,don't,giddy,tweed,scold,debut,monad,weedy,debit,greed,embed,adieu,synod,trend,muddy,veldt,sound,chide,widen,devil,field,would,daunt,vivid,hardy,demur,moody,round,delta,rabid,dodge,salad,dusky,bleed,dwell,doubt,drape,tilde,fiend,debug,ruddy,could,world,dandy,nudge,cadre,dough,vodka,heard,dirge,donor,sword,dirty,dance,deuce,dumpy
alien,xerox,stave,whore,berth,alike,decry,regal,stale,pleat,adore,fleet,codex,onset,paste,messy,steer,elder,beset,spare,erode,jerry,dolce,cagey,ounce,flyer,reedy,trace,media,metro,vitae,perky,swelt,pedal,waken,chute,belle,epoch,defer,agate,deify,grime,angel,ethos,lewis,posey,wrest,edify,seven,lager,fecal,lemur,slice,prone,fence,omega,dulse,score,exist,steep,lucre,inlet,pupae,queen,amide,evoke,ovate,swept,coney,where,belly,shave,motet,levee,eight,overt,wreak,olden,hazel,bilge,canoe,hotel,crone,exile,these,cache,there,sheep,aware,speck,dozen,oxide,movie,eagle,petri,clerk,mince,towel,whine,beryl,padre,quern,hello,store,quell,cleat,white,aside,bedim,honey,heady,value,withe,snore,petal,tulle,chevy,budge,inter,ankle,booze,rogue,tepid,harem,mealy,tenon,alter,genus,juice,leggy,gavel,style,exert,reign,lefty,grope,guise,octet,cable,pique,liven,yeast,bonze,stern,crate,glove,gules,depot,morel,annex,tress,bathe,ashen,query,snipe,serge,order,hover,merry,prove,brine,level,demit,shale,offer,flake,close,treat,green,bogey,cosec,those,never,etude,sweat,cedar,quest,serve,medal,guess,steal,coven,dream,beard,fetid,tinge,passe,plate,lumen,penna,ideal,stake,hyena,awoke,nurse,rupee,fetch,carne,lance,merge,grief,write,slide,shire,joule,diety,beige,waxen,prize,alder,tread,exude,oxeye,leper,whale,leafy,water,chewy,gases,gnome,penny,excel,neath,islet,otter,surge,waive,pater,tweak,edict,seder,beach,ladle,lever,gorge,solve,bloke,cycle,abode,spear,gecko,quote,shear,penis,scale,linen,urine,flesh,meant,ocean,agave,ethic,gluey,repel,gauge,acute,ebony,fudge,butte,trade,eucre,oaken,fiery,mecum,deter,bribe,feint,singe,plane,clime,melon,erect,blaze,curve,noble,sable,fetus,exalt,bicep,testy,zesty,chose,posse,elope,plead,abbey,smote,ester,stage,maple,badge,gouge,chine,enter,ridge,rouse,zebra,voice,sedge,begun,pride,blade,dealt,angle,hertz,bulge,chase,bezel,smear,novae,glare,osier,sieve,goose,tithe,elute,dread,threw,belie,cream,feast,niece,pulse,stein,guest,agile,wacke,he'll,grace,sheer,poesy,livre,fever,meaty,peace,broke,beman,aisle,hymen,thyme,tecum,gripe,arise,token,eerie,abase,prose,brief,peril,spume,vowel,theme,crude,we've,death,amble,prune,rater,prime,elver,swine,bebop,salve,setup,crepe,drove,hinge,fetal,super,elude,decor,grade,facet,weigh,geese,endow,coset,degas,borne,route,pixel,ledge,preen,coupe,anise,sneak,lapse,adage,latex,fiche,we'll,fovea,atone,bevel,carte,grove,money,yield,spell,glaze,clean,tenet,helix,berne,stile,mange,later,judge,argue,twine,ketch,owlet,rumen,hefty,cease,being,fable,forge,crore,matte,chess,sauce,shred,liken,dress,jewel,agent,mater,eaten,shell,drive,loose,aspen,spoke,tempo,prexy,heath,deign,infer,pearl,venom,terry,needy,askew,ample,theta,decoy,rever,jelly,given,leaky,legal,sheik,sever,zazen,twice,bread,panel,begat,depth,agree,slime,petit,lemma,hovel,naive,furze,manse,skeet,spree,betel,loess,plume,woven,whole,halve,filet,geode,vogue,whelm,awake,bluet,peppy,noose,beget,queue,caret,metal,dowel,vixen,sinew,shape,cruel,spend,guide,forte,wield,podge,we're,inane,elegy,stare,peter,freon,ripen,xylem,lithe,velar,revel,steed,phase,tripe,begin,heigh,ahead,modem,bowie,grebe,whelk,freak,puree,beret,spine,aerie,avert,tibet,sheen,brave,speak,gorse,knelt,breed,egret,rivet,wafer,dewar,women,taste,blend,verse,clear,libel,gleam,spent,douce,objet,stone,felon,upset,their,false,ouvre,pause,cheer,sweep,raise,lodge,mezzo,cozen,elfin,peach,smell,csnet,sedan,senor,beast,sperm,begot,anger,tempt,crane,leapt,blame,upend,jerky,renal,drupe,camel,weave,cider,slake,cause,algae,naked,spire,derby,state,rheum,hater,rodeo,tepee,adept,orate,ethyl,video,slope,three,peony,totem,tiger,decay,fresh,genie,lathe,dwelt,binge,navel,hence,valet,inert,stead,mouse,press,piety,meter,gable,bream,lunge,swipe,sheaf,irate,curie,bugle,peepy,amend,slave,above,force,other,wedge,spate,ouzel,swear,sepia,drone,lycee,index,horde,beech,xenon,elect,tenor,stole,leech,auger,seedy,arose,verge,agone,spike,haven,elite,suite,hodge,cleft,bless,screw,merit,break,share,anent,eider,elide,glean,eager,calve,farce,louse,heart,wheat,addle,dense,motel,smelt,shake,shore,brake,often,speed,grate,whose,tower,quiet,henry,bowel,caste,lapel,purse,refer,amaze,afire,penal,weird,laden,equip,while,apple,elate,azure,knife,ozone,femur,since,cover,stoke,drake,murre,scene,crime,shelf,heavy,breve,adobe,smile,crave,parse,poise,ileum,evict,cheat,grave,amber,covet,clone,event,medic,label,vetch,civet,phone,thine,haste,slate,greet,berry,table,peaky,pecan,steak,blare,midge,queer,cater,error,yokel,uncle,great,place,graze,eclat,rifle,essay,leave,skein,deity,nonce,erase,steel,equal,genii,ether,easel,model,hedge,obese,waste,spice,worse,sprue,hyper,glade,imbue,kerry,befog,maybe,bater,realm,buteo,teeth,house,ferry,trite,niche,under,impel,craze,evade,flare,prude,ready,sleek,carve,cheap,nerve,faery,theft,newel,issue,thief,paean,demon,leash,mercy,froze,fluke,bride,peste,anode,delve,welsh,estop,spade,guile,exult,stove,horse,moose,emacs,aleph,alert,rhyme,wrote,dunce,valve,space,verve,delay,cress,decal,bleak,credo,tense,versa,brace,elbow,vague,epoxy,price,tenth,servo,earth,oases,beady,reach,meson,wolve,opera,sidle,spite,feces,creed,foyer,creep,beaux,weber,bench,heron,choke,suave,entry,alone,olive,comet,caper,creek,she'd,kneel,title,abide,envoy,tuple,debar,shine,sneer,lease,eater,dater,risen,reave,melee,weary,grape,chime,pence,jenny,baste,curse,luger,wince,diode,mitre,aegis,heave,whelp,douse,elves,brute,extra,veery,emcee,chest,neigh,exact,creak,abuse,leach,petty,crest,sepal,utter,befit,cadet,sheet,inept,yodel,knead,shade,paper,retch,taken,belch,saute,sweet,degum,power,glide,learn,julep,sleet,chive,bleat,tease,beefy,probe,mauve,tweed,gauze,chief,inure,scent,debut,remit,chore,novel,weedy,debit,siren,greed,embed,ravel,below,adieu,monte,frame,seamy,terse,sense,umber,trend,scope,river,range,veldt,lisle,fugue,chide,widen,devil,wreck,sober,field,wheel,pewee,utile,arena,alive,usher,shame,snell,inset,demur,crept,snake,buret,smite,maser,delta,steam,dodge,swell,empty,expel,snare,leery,usage,chafe,yearn,bleed,swore,seize,dwell,blest,ulcer,cameo,large,kelly,sleep,drape,rebel,miser,globe,abate,eject,monel,erupt,tilde,fiend,cheek,serum,quake,ember,shrew,taper,feign,quite,debug,phage,chert,relic,rinse,scare,extol,moire,nudge,cadre,flute,riven,unite,smoke,barre,tater,enemy,heard,amuse,aster,fleck,serif,image,rouge,viper,dirge,began,shove,spore,barge,truce,alley,gaffe,raven,siege,venal,lemon,genre,clove,purge,every,teach,tribe,perch,skate,dance,septa,least,check,shone,deuce,asset,piece,noise,flame,slept
graft,fleet,daffy,flyer,frown,nifty,fungi,defer,deify,focus,flunk,funny,edify,fecal,bluff,fence,swift,flash,foggy,flout,proof,stiff,flock,funky,goofy,lefty,fault,sniff,flora,infra,fluff,filly,offer,flake,frank,farad,aloof,fetid,front,frock,offal,fetch,taffy,grief,unify,leafy,froth,found,forum,fussy,fifty,flesh,fraud,flint,fudge,fiery,feint,fetus,final,quaff,fluid,flung,foist,chaff,frost,feast,fever,forty,brief,flood,puffy,fetal,first,facet,fully,forgo,fiche,fovea,facto,fjord,fount,flirt,folly,hefty,frond,fable,forge,floor,fancy,flask,infer,faint,frail,chuff,troff,foray,infix,folic,furze,filet,float,fauna,snuff,shaft,forte,freon,aloft,freak,fling,wafer,draft,felon,false,staff,elfin,flair,finch,jiffy,fresh,sulfa,whiff,sheaf,force,scoff,flush,foamy,cleft,lofty,farce,croft,focal,flaky,often,fatal,dwarf,forth,flail,refer,afire,stuff,scarf,gruff,knife,femur,shelf,fusty,shift,nroff,flack,fruit,drift,affix,rifle,fatty,flank,befog,friar,ferry,fairy,furry,finny,flare,snafu,flick,faery,theft,thief,froze,fluke,skiff,feces,foyer,fishy,flown,motif,wharf,frill,scuff,befit,filch,afoot,faith,beefy,chief,awful,frame,franc,filth,fugue,field,craft,cliff,flour,kraft,chafe,fiend,feign,fugal,folio,flute,fifth,fleck,serif,gaffe,fuzzy,filmy,fight,spoof,flame
hying,regal,graft,gunny,algal,cagey,rigid,fungi,agate,grime,angel,lager,omega,boggy,might,eight,align,bilge,gnash,eagle,gusty,foggy,budge,gamma,rogue,stagy,genus,leggy,gavel,reign,goofy,grope,guise,grail,groat,glove,gules,ought,serge,green,night,bogey,growl,cling,guess,tinge,gypsy,tying,girth,tight,gizmo,merge,grasp,grief,ghoul,beige,swung,sting,gases,gnome,ingot,surge,angry,grimy,rangy,slung,gorge,gecko,magic,gamut,ghost,gloat,golly,hoagy,agave,gluey,gauge,logic,tangy,fudge,hough,sough,singe,hogan,grata,along,gauzy,magna,flung,stage,badge,gouge,gunky,ridge,sedge,begun,angle,bulge,glare,goose,guest,agile,grace,gripe,bongo,gourd,groin,gross,digit,hinge,gutsy,gaudy,grade,weigh,geese,degas,grass,ledge,forgo,adage,bring,gland,grove,glaze,mange,judge,argue,gloss,dogma,being,forge,laugh,agent,grout,grump,deign,given,legal,piggy,angst,cough,begat,agree,sigma,bough,guard,mugho,geode,augur,vogue,wring,groom,beget,stung,guide,podge,gimpy,elegy,begin,lying,heigh,buggy,grebe,fling,gorse,egret,gleam,right,light,dying,pygmy,soggy,lodge,dingy,amigo,begot,argon,anger,gonad,glass,agony,sling,tough,algae,tiger,organ,glans,genie,groan,binge,login,gable,grain,lunge,glint,bugle,clung,vigil,goody,wedge,argot,gravy,thong,group,rough,auger,verge,agone,gassy,hodge,glean,eager,guilt,sight,among,sugar,gloom,grate,guild,swing,gruff,bogus,gauss,young,wrong,grave,muggy,greet,midge,great,graze,gawky,taiga,genii,hedge,slang,grind,clang,glade,befog,guano,cargo,gully,cigar,guile,magma,vague,grand,baggy,gibby,giant,vying,gusto,grown,graph,gator,again,dingo,glory,grist,gumbo,grape,luger,aegis,neigh,gamin,mango,thigh,grant,degum,glide,grill,grunt,shrug,gaunt,giddy,gauze,gnarl,gulch,igloo,greed,mangy,range,fugue,tango,dodge,usage,bigot,large,globe,pagan,gummy,feign,debug,fugal,phage,nudge,sprig,dough,image,rouge,dirge,began,prong,barge,gaffe,siege,genre,glyph,purge,fight,lingo,thing
tilth,hying,whore,berth,photo,chain,abhor,shyly,myrrh,chute,quash,epoch,chink,aloha,ethos,hitch,phlox,chair,sooth,where,shave,might,roach,eight,shish,flash,match,hazel,thorn,smash,hydra,hotel,these,cache,there,withy,sheep,gnash,humid,whine,sharp,whorl,hello,white,hobby,honey,heady,withe,chevy,human,harem,honky,shaky,ought,plush,bathe,sixth,ashen,third,hover,tooth,shale,mushy,night,patch,those,happy,crush,month,chili,hyena,fetch,girth,tight,harpy,ghoul,phony,shire,vouch,rhino,staph,mirth,ditch,whale,throw,chewy,mynah,froth,neath,lymph,beach,ohmic,birth,haunt,chomp,brush,shear,champ,flesh,ghost,chuck,hoagy,hunch,ethic,pooch,zilch,lurch,hough,sough,thumb,hasty,hogan,havoc,munch,hutch,chose,shown,haiku,chine,thick,macho,chart,chaff,hertz,chase,surah,aphid,cinch,shoot,chill,tithe,horny,threw,punch,mouth,he'll,showy,sheer,whack,hymen,thyme,child,shirk,winch,think,wrath,shady,blush,stash,rajah,theme,chasm,death,worth,smith,hinge,chard,habit,weigh,short,fiche,bunch,holly,shock,hilly,helix,ketch,hefty,shrub,chess,harry,laugh,hondo,mocha,shred,chick,shuck,shell,shirt,hooch,churn,heath,hilum,theta,trash,notch,yacht,chuff,sheik,cough,depth,khaki,bough,hovel,mugho,which,hound,chock,whole,halve,whelm,shako,clash,shaft,chant,watch,loath,shape,width,lithe,slosh,phase,batch,heigh,ahead,whelk,conch,swish,sheen,china,mooch,truth,march,abash,sushi,right,light,itchy,their,shiny,hoard,cheer,chalk,peach,ranch,humus,harsh,pinch,south,north,finch,crash,witch,tough,rheum,hater,ethyl,phyla,pithy,shard,three,lynch,fresh,touch,lathe,hence,torah,whiff,sheaf,other,thong,horde,rough,beech,poach,leech,flush,shall,haven,chump,hodge,share,heart,wheat,washy,shake,sight,shore,howdy,shunt,chirp,bitch,whose,forth,cloth,henry,youth,choir,while,thrum,hubby,shelf,butch,heavy,shark,mulch,cheat,throb,handy,slash,shoal,vetch,phone,thine,haste,shift,sloth,psych,marsh,ether,latch,hedge,hyper,thump,nymph,pushy,teeth,house,whoop,booth,niche,swath,who'd,cheap,couch,theft,thief,leash,thank,welsh,chord,porch,wishy,horse,aleph,rhyme,broth,tenth,earth,coach,reach,hurty,fishy,bench,heron,milch,graph,choke,shawl,shoji,hippy,she'd,hatch,bushy,shook,hydro,wharf,shine,shill,chime,brash,hurry,heave,whelp,shout,alpha,torch,chest,neigh,lunch,leach,whirl,thigh,sheet,shade,shank,retch,belch,filch,pasha,chive,shrug,faith,shack,chief,gulch,chore,whisk,chunk,filth,chide,botch,wheel,ninth,usher,shame,hardy,pouch,pitch,halma,awash,chafe,husky,cheek,parch,shrew,phage,chert,hippo,larch,fifth,hairy,dough,slush,heard,shove,catch,birch,charm,glyph,chaos,teach,perch,fight,arhat,check,shone,thing
tilth,blitz,alien,brink,hying,alike,criss,tibia,orbit,chain,tidal,stain,slink,trick,swirl,stilt,ivory,rigid,nifty,media,vitae,fungi,tinny,chink,taint,deify,grime,lewis,cacti,trait,trill,hitch,twist,edify,chair,slice,cilia,exist,silly,inlet,swift,quilt,amide,audit,curio,drain,anion,might,eight,milky,naiad,shish,align,tizzy,joint,viola,sixty,bilge,exile,minim,withy,plain,oxide,saint,movie,humid,petri,input,mince,whine,civil,midst,white,aside,bedim,withe,solid,virus,bruit,inter,daisy,stiff,idiom,tepid,juice,livid,quill,drill,reign,briny,davit,guise,sniff,grail,stick,minor,pilot,pique,liven,maria,swain,sonic,strip,infra,build,sinus,until,sixth,filly,picky,snipe,third,vitro,brine,demit,stair,lucid,night,basil,cling,blimp,alias,chili,risky,fetid,tinge,pious,ideal,tying,optic,laity,girth,tight,gizmo,grief,rabbi,write,slide,shire,diety,beige,prize,rhino,audio,mirth,unify,sting,ditch,krill,ingot,islet,waive,grimy,boric,timid,edict,ditto,ohmic,okapi,birth,penis,split,tipsy,magic,fifty,bliss,rival,linen,urine,bassi,ethic,logic,claim,zilch,cynic,slimy,basis,wrist,flint,kitty,fiery,curia,bribe,feint,singe,widow,clime,bicep,final,fluid,podia,train,spiny,colic,haiku,chine,tippy,ridge,thick,voice,foist,skimp,pride,labia,amino,pinto,aphid,osier,spicy,cinch,spoil,sieve,chill,tithe,alibi,quirk,belie,niece,stein,pupil,agile,limit,livre,typic,valid,snail,jimmy,aisle,silty,gripe,arise,child,shirk,winch,posit,eerie,think,brief,peril,avoid,groin,prime,digit,swine,clink,smith,hinge,batik,first,habit,weigh,divan,pixel,plait,rilly,anise,bring,snick,ain't,fiche,viral,lilac,yield,print,flirt,nadir,hilly,helix,click,irony,conic,stile,axiom,twine,basin,oasis,being,still,minus,liken,chick,stint,wispy,quail,inapt,privy,drive,manic,shirt,spiky,deign,infer,witty,faint,hilum,frail,monic,iliac,given,squid,misty,sheik,piggy,trial,twice,brick,ditty,slime,sigma,union,infix,khaki,petit,folic,pivot,naive,which,broil,filet,wring,panic,scion,staid,spill,vixen,sinew,guide,tunic,wield,gimpy,inane,width,vital,ripen,lithe,druid,vista,kinky,tripe,tulip,quick,begin,lying,axial,swill,briar,heigh,radix,bowie,fling,spine,aerie,tibet,swish,china,rivet,mania,prick,comic,libel,brain,sushi,right,biddy,dicta,quasi,light,itchy,their,dying,quint,shiny,blink,raise,auxin,elfin,odium,dingy,flair,assai,pinch,amigo,skill,intra,paint,finch,witch,toxin,jiffy,cider,sling,inlay,spire,crisp,tapis,video,prism,pithy,tiger,kiosk,genie,binge,polis,patio,inert,login,twirl,piety,grain,swipe,glint,whiff,irate,cumin,curie,idyll,pizza,attic,cairn,swiss,vigil,dizzy,prior,sepia,index,multi,nitty,triad,spike,mimic,drink,radii,elite,await,basic,suite,merit,acrid,eider,elide,runic,windy,braid,rainy,guilt,it'll,lipid,sight,climb,scrim,chirp,trail,bitch,knick,quiet,guild,flail,admit,afire,choir,weird,equip,while,anvil,swing,limbo,knife,quirt,rapid,since,visor,crime,smile,poise,ileum,evict,point,tacit,medic,civet,thine,styli,shift,midge,fruit,dairy,isn't,drift,amiss,affix,rifle,amity,stink,robin,skein,deity,avail,taiga,diary,ascii,genii,ratio,radio,spice,grind,imbue,loris,friar,satin,situs,fairy,trite,plaid,niche,finny,impel,circa,visit,billy,flick,polio,cigar,issue,thief,bride,guile,wishy,blind,slain,onion,price,incur,moist,twain,skiff,sisal,admix,maxim,micro,idiot,noisy,gibby,sidle,giant,spite,fishy,vying,milch,auric,vomit,olive,again,dingo,motif,shoji,tonic,hippy,title,abide,swami,smirk,mixup,shine,grist,toxic,shill,risen,chime,ionic,frill,wince,primp,diode,mitre,aegis,unity,music,neigh,villa,gamin,whirl,befit,biota,liana,thigh,inept,brisk,lurid,filch,glide,grill,chive,faith,giddy,topic,sibyl,chief,igloo,juicy,inure,bison,remit,cabin,debit,siren,tapir,cavil,adieu,crimp,whisk,spitz,river,filth,opium,lisle,chide,widen,devil,field,utile,ninth,alive,skirt,vivid,inset,spilt,smite,cliff,pitch,rabid,slick,vicar,vinyl,bigot,cubic,waist,minot,seize,silky,piano,miser,cubit,tilde,fiend,feign,quite,folio,relic,miaow,rinse,lyric,hippo,moire,built,riven,unite,sprig,fifth,hairy,avian,serif,prima,image,viper,dirge,civic,twill,birch,siege,filmy,stoic,tribe,fight,dirty,lingo,antic,piece,noise,thing
jerry,joint,juice,joule,juror,jimmy,rajah,fjord,judge,junta,jewel,jelly,major,junco,objet,banjo,jerky,jiffy,jowly,joust,jazzy,junky,jumpy,shoji,jenny,julep,juicy,eject,jolly,jumbo
brink,alike,slink,spook,trick,perky,waken,chink,flunk,evoke,milky,wreak,truck,rocky,speck,slunk,smoky,clerk,karma,ankle,flock,funky,stick,stork,honky,shaky,picky,punky,booky,flake,spark,frank,tacky,stunk,cooky,risky,stake,cocky,frock,awoke,snark,drank,krill,tweak,plank,okapi,bloke,gecko,stack,chuck,lucky,cloak,prank,knock,skulk,skunk,kitty,oaken,stank,haiku,gunky,knack,thick,skimp,kulak,quirk,polka,drunk,wacke,trunk,whack,broke,shirk,slack,token,think,quack,blank,clink,wacky,batik,croak,kombu,kazoo,talky,sneak,snick,shock,brook,stuck,click,ketch,liken,chick,shuck,flask,spoke,knurl,spiky,askew,kudzu,block,leaky,sheik,brick,kappa,khaki,skeet,chock,bulky,spunk,awake,shako,stock,sulky,caulk,kinky,quick,whelk,freak,speak,knelt,prick,blink,chalk,skill,jerky,cluck,slake,naked,kiosk,kodak,pluck,aback,spike,drink,skull,break,shake,crock,brake,flaky,knick,snook,knife,known,stoke,drake,rooky,shark,lanky,peaky,steak,flack,junky,yokel,gawky,stink,skein,clank,flank,crank,kerry,sleek,murky,flick,plunk,fluke,thank,swank,bleak,kapok,skiff,smack,stark,choke,kraut,creek,kneel,balky,shook,smirk,crack,creak,crook,brisk,knead,shank,taken,snack,koala,shack,quark,wrack,whisk,track,chunk,musky,wreck,skirt,snake,black,kraft,slick,dusky,silky,kelly,husky,cheek,quake,knoll,clock,smoke,stalk,vodka,fleck,skate,check,parka
tilth,blitz,alien,somal,alike,regal,stale,pleat,fleet,tidal,slink,elder,sally,algal,dolce,shyly,swirl,flyer,stilt,swelt,pedal,allyl,belle,aloha,angel,octal,lewis,trill,flunk,phlox,lager,fecal,lemur,slice,bluff,cilia,dulse,spool,lucre,silly,inlet,clamp,quilt,belly,levee,milky,align,flash,scull,viola,olden,hazel,bilge,hotel,exile,plain,eagle,slunk,clerk,towel,beryl,civil,dully,whorl,hello,quell,flout,cleat,value,petal,tulle,modal,solid,allot,ankle,plasm,flock,mealy,alter,livid,quill,leggy,gavel,drill,style,plant,lumpy,atoll,lefty,fault,album,grail,cable,blurb,flora,pilot,liven,scowl,mural,scalp,build,glove,gules,morel,fluff,plush,until,filly,level,banal,shale,lucid,flake,close,basil,basal,growl,cling,medal,blimp,steal,alias,chili,aloof,plate,canal,lumen,usual,bloom,ideal,alarm,offal,aloud,troll,laity,lance,mylar,ghoul,lasso,slide,joule,alder,talon,leper,whale,leafy,krill,brawl,excel,nylon,islet,blurt,lymph,plank,ladle,slung,lever,sloop,solve,bloke,cycle,split,scale,bliss,rival,linen,flesh,gloat,lucky,golly,surly,cloak,gluey,repel,logic,claim,zilch,skulk,slimy,flint,drool,lurch,plane,clime,melon,waltz,blaze,noble,sable,blond,exalt,final,fluid,along,laura,colic,flung,elope,plead,maple,walla,slump,lorry,blade,dealt,drawl,angle,blast,labia,nasal,bulge,bezel,glare,spoil,ultra,kulak,chill,elute,bylaw,alibi,plaza,belie,polka,pulse,pupil,agile,limit,he'll,livre,valid,snail,class,aisle,silty,child,slack,blush,peril,mould,flood,vowel,amble,elver,salve,blank,clink,lusty,fetal,elude,qualm,naval,dolly,fully,pixel,ledge,plait,natal,blunt,rilly,talky,lapse,colon,latex,gland,clomp,we'll,viral,bevel,lilac,holly,yield,spell,flirt,annul,glaze,clean,playa,hilly,folly,helix,click,stile,later,butyl,gloss,owlet,fable,floor,laugh,still,scaly,liken,jewel,quail,shell,flask,loose,droll,knurl,pearl,palsy,hilum,ample,frail,larva,loyal,block,jelly,iliac,sully,leaky,legal,trial,apply,bloop,panel,slime,lemma,folic,stool,hovel,broil,betel,bulky,loess,plume,whole,halve,filet,whelm,float,bluet,clash,aural,sulky,spill,metal,dowel,moldy,loath,cruel,wield,elegy,caulk,vital,xylem,lithe,velar,revel,salty,slosh,aloft,tulip,lying,axial,swill,whelk,fling,llama,blanc,molal,clown,knelt,carol,blend,clear,libel,gleam,plump,light,felon,prowl,false,blink,lodge,chalk,crawl,elfin,smell,adult,slurp,alloy,flair,small,allow,baldy,skill,leapt,blame,lousy,renal,cluck,glass,camel,slake,sling,inlay,algae,vocal,salon,ethyl,phyla,slope,colza,lynch,glans,lathe,dwelt,papal,clout,sulfa,navel,polis,valet,login,twirl,calla,gable,lunge,glint,lotus,lolly,pluck,snarl,bugle,idyll,clung,vigil,slave,allay,nodal,jowly,ouzel,tally,lycee,multi,elect,stole,molar,leech,polar,flush,shall,skull,elite,scald,cleft,bless,lofty,elide,glean,calve,louse,lobar,guilt,it'll,addle,motel,smelt,lipid,focal,climb,flaky,fatal,trail,gloom,royal,cloth,guild,wally,bowel,local,lapel,flail,solar,penal,laden,while,anvil,apple,elate,limbo,shelf,clasp,altar,smile,mulch,lanky,ileum,coral,clone,slash,label,shoal,slate,styli,table,blare,flack,yokel,uncle,sloth,calyx,place,eclat,rifle,leave,avail,steel,clank,equal,stall,easel,model,latch,flank,slang,balmy,mulct,clang,truly,glade,loris,dally,realm,plaid,impel,flare,sleek,burly,gully,billy,flick,polio,newel,plunk,balsa,leash,fluke,delve,welsh,guile,exult,aleph,salvo,blind,alert,valve,delay,decal,bleak,elbow,slain,sisal,lunar,wolve,sidle,tonal,coyly,milch,cloud,shawl,flown,alone,olive,glory,talus,kneel,title,balky,locus,tuple,shill,lease,melee,frill,luger,whelp,rally,elves,alpha,annal,moral,lunch,villa,leach,whirl,sepal,bland,clump,liana,yodel,latus,lurid,belch,filch,glide,splat,grill,learn,blood,psalm,slant,julep,sleet,bleat,koala,rural,sibyl,gnarl,scold,gulch,awful,igloo,novel,lobby,culpa,ravel,below,cavil,plumb,blown,veldt,filth,lisle,devil,field,wheel,utile,would,alive,snell,spilt,cliff,loamy,flour,delta,black,swell,halma,slick,layup,expel,atlas,leery,vinyl,salad,bully,zloty,bleed,dwell,blest,ulcer,splay,silky,large,kelly,lossy,sleep,amply,rebel,globe,monel,tilde,knoll,clock,fugal,bloat,folio,relic,lyric,extol,larch,could,world,flute,built,total,stalk,slush,pupal,fleck,jolly,twill,alley,venal,lemon,filmy,glyph,clove,vault,lingo,least,trawl,cabal,flame,slept
somal,crump,mommy,messy,myrrh,media,metro,grime,lemur,omega,bosom,clamp,amide,motet,might,milky,match,smash,samba,minim,movie,humid,smoky,mince,midst,bedim,stump,modal,human,karma,idiom,plasm,gamma,harem,trump,mealy,lumpy,scamp,album,minor,maria,mural,morel,mucus,tommy,merry,demit,macaw,mushy,medal,blimp,dream,month,lumen,bloom,alarm,gizmo,mourn,mylar,merge,mirth,mynah,gnome,grimy,timid,lymph,forum,ohmic,chomp,champ,magic,gamut,meant,claim,slimy,mecum,clime,melon,thumb,dummy,munch,magna,smote,pampa,maple,slump,skimp,macho,amino,smear,mouth,smart,cream,limit,meaty,mayor,jimmy,beman,hymen,thyme,tecum,storm,woman,spume,mould,theme,sumac,chasm,amass,amble,prime,smith,qualm,kombu,roomy,mamma,clomp,mound,money,mange,axiom,rumen,dogma,matte,mocha,minus,mater,manic,grump,tempo,venom,hilum,ample,monic,misty,major,slime,sigma,lemma,manse,musty,mugho,plume,whelm,groom,tramp,metal,moldy,gimpy,xylem,broom,datum,modem,umbra,llama,macro,molal,mooch,mania,women,march,comic,gleam,plump,manor,buxom,pygmy,mezzo,odium,smell,humus,sperm,small,amigo,tempt,blame,camel,rheum,prism,totem,mouse,meter,bream,cumin,amend,amort,wormy,multi,molar,mimic,foamy,chump,merit,motel,smelt,climb,among,scrim,gloom,scram,motto,admit,amaze,moron,limbo,femur,thrum,annum,swarm,murre,crime,smile,mulch,ileum,amber,medic,muggy,midge,amiss,marsh,amity,rummy,model,balmy,mulct,imbue,thump,nymph,maybe,realm,mason,impel,murky,nomad,marry,demon,mercy,swamp,moose,emacs,rhyme,stamp,magma,moist,smack,admix,maxim,micro,meson,motor,milch,strum,vomit,jumpy,comet,drama,motif,swami,smirk,manna,mixup,mossy,gumbo,spasm,melee,chime,primp,comma,mitre,music,emcee,madam,moral,gamin,mango,clump,degum,psalm,mousy,mount,mauve,crumb,remit,monad,embed,monte,frame,crimp,seamy,plumb,umber,mambo,muddy,musky,mangy,opium,shame,demur,moody,smite,maser,loamy,mayst,steam,empty,halma,stomp,minot,cameo,mummy,amply,miser,monel,serum,aroma,gummy,ember,miaow,moire,smoke,enemy,amuse,prima,image,charm,cramp,lemon,bumpy,filmy,jumbo,dumpy,flame
alien,brink,hying,chain,onset,stain,slink,gunny,bound,ounce,bourn,frown,stony,nifty,waken,fungi,tinny,chink,taint,angel,flunk,funny,seven,prone,fence,inlet,queen,coney,baron,drain,anion,naiad,align,joint,pansy,olden,thorn,canoe,crone,minim,dozen,plain,saint,gnash,slunk,panda,input,mince,whine,quern,honey,snore,human,inter,ankle,tenon,genus,funky,plant,reign,briny,sniff,minor,honky,liven,bonze,swain,sonic,stern,infra,rondo,sinus,annex,until,ashen,runty,punky,snipe,panty,brine,banal,snout,green,night,never,frank,cling,coven,stunk,month,tinge,canal,lumen,penna,codon,front,hyena,tying,nurse,carne,mourn,lance,phony,waxen,rhino,candy,snark,swung,unify,talon,drank,sting,mynah,runny,gnome,penny,nylon,ingot,found,neath,angry,rangy,plank,slung,nasty,spawn,haunt,spoon,penis,linen,stand,urine,snowy,canon,meant,ocean,prank,hunch,knock,cynic,skunk,flint,tangy,ebony,oaken,feint,singe,plane,melon,hogan,noble,blond,burnt,final,along,acorn,munch,train,spiny,magna,stank,flung,shown,chine,enter,gunky,knack,begun,angle,nasal,amino,pinto,novae,unary,cinch,horny,punch,niece,drunk,stein,satan,trunk,snail,sauna,beman,hymen,boron,winch,bongo,token,think,wound,woman,groin,prune,swine,stunt,blank,clink,taunt,hinge,naval,endow,divan,sonny,borne,preen,natal,blunt,anise,sneak,colon,bring,snick,gland,ain't,mound,atone,bunch,fount,money,print,pound,nadir,annul,clean,tenet,irony,berne,conic,mange,twine,junta,basin,rumen,being,frond,adorn,hondo,crony,natty,minus,liken,won't,fancy,stint,agent,eaten,bundy,inapt,manic,aspen,churn,knurl,deign,infer,venom,needy,faint,croon,monic,notch,sandy,corny,given,zazen,angst,brown,panel,union,infix,radon,naive,junco,manse,hound,woven,taxon,spunk,fauna,wring,panic,scion,snuff,noose,stung,chant,vixen,sinew,spend,tunic,inane,freon,ripen,canto,kinky,begin,lying,fling,blanc,spine,conch,clown,sheen,china,knelt,count,mania,women,annoy,blend,brain,spent,stone,felon,dying,quint,shiny,brand,manor,blink,cozen,auxin,elfin,dingy,banjo,csnet,ranch,sedan,senor,pinch,argon,anger,north,crane,upend,intra,paint,finch,renal,toxin,canna,gonad,agony,sling,inlay,naked,can't,salon,peony,organ,lynch,glans,genie,groan,binge,navel,hence,inert,login,grain,lunge,glint,cumin,snarl,clung,cairn,amend,nodal,drone,thong,index,crown,xenon,scant,nitty,tenor,agone,drink,haven,anent,glean,spurn,runic,tansy,windy,rainy,dense,among,shunt,often,sonar,knick,nawab,henry,snoop,penal,moron,snook,laden,anvil,swing,knife,ozone,known,since,annum,arson,young,scene,wrong,bandy,lanky,point,handy,clone,event,phone,thine,trans,pecan,nroff,junky,uncle,isn't,bunny,stink,robin,skein,randy,nonce,clank,genii,flank,slang,crank,canny,grind,clang,nymph,satin,mason,niche,under,guano,finny,snafu,nerve,nomad,newel,plunk,paean,demon,thank,anode,swank,blind,dunce,tense,slain,onion,grand,incur,twain,tenth,scorn,sworn,lunar,meson,noisy,giant,tonal,vying,brant,grown,bench,heron,urban,entry,flown,alone,again,dingo,tonic,kneel,envoy,manna,shine,sneer,apron,risen,pence,jenny,drown,ionic,wince,unity,snort,annal,neigh,lunch,gamin,boson,mango,bland,liana,inept,knead,grant,drawn,shank,taken,snack,tawny,learn,downy,don't,slant,mount,grunt,gaunt,gnarl,inure,scent,bison,novel,cabin,monad,baton,siren,monte,franc,synod,sense,chunk,trend,blown,mangy,range,brunt,sound,widen,tango,ninth,arena,daunt,snell,inset,snake,round,snare,vinyl,yearn,minot,piano,monel,fiend,pagan,knoll,bonus,feign,sunny,rinse,dandy,nudge,riven,unite,avian,enemy,began,prong,raven,venal,lemon,genre,donor,bacon,lingo,antic,dance,shone,noise,thing
somal,xerox,whore,photo,orbit,adore,codex,onset,mommy,spook,abhor,erode,bound,dolce,ounce,bourn,frown,stony,ivory,proud,metro,bayou,worst,epoch,aloha,octal,ethos,posey,trout,focus,phlox,prone,omega,bosom,score,spool,sooth,evoke,curio,ovate,coney,quota,baron,boggy,motet,anion,roach,overt,rocky,joint,viola,olden,thorn,canoe,hotel,crone,dozen,oxide,movie,smoky,towel,whorl,cotty,foggy,hello,store,flout,hobby,honey,snore,proof,modal,solid,bossy,droop,allot,idiom,roast,booze,flock,rogue,tenon,goofy,abort,atoll,grope,corps,stork,octet,minor,strop,flora,pilot,honky,groat,cacao,bonze,scowl,sonic,glove,depot,morel,ought,rondo,tommy,torus,order,hover,tooth,prove,vitro,booky,offer,close,snout,bogey,cosec,those,growl,toast,razor,coven,month,cooky,proto,sorry,aloof,booty,pious,bloom,cocky,codon,front,frock,offal,awoke,aloud,optic,troll,stood,board,gizmo,mourn,ghoul,lasso,phony,joule,vouch,rhino,audio,oxeye,talon,adopt,throw,boost,froth,roost,gnome,nylon,ingot,borax,found,otter,dross,boric,forum,ditto,juror,ohmic,sloop,okapi,gorge,solve,bloke,abode,spoon,chomp,gecko,quote,cocoa,snowy,canon,ghost,gloat,ocean,golly,hoagy,cloak,pooch,logic,knock,drool,ebony,hough,oaken,cotta,sough,widow,melon,hogan,noble,blond,torso,podia,havoc,along,acorn,chose,colic,posse,elope,shown,smote,gouge,rouse,voice,foist,lorry,macho,stout,amino,pinto,novae,osier,shoot,spoil,goose,horny,frost,mouth,polka,showy,soapy,poesy,broke,mayor,forty,boron,bongo,posit,token,prose,wound,gourd,storm,woman,avoid,mould,flood,vowel,groin,gross,taboo,worth,bebop,abbot,drove,croak,decor,dolly,kombu,endow,sonny,coset,roomy,borne,route,actor,kazoo,coupe,forgo,colon,short,scops,clomp,mound,fovea,carob,facto,atone,fjord,grove,fount,holly,money,pound,shock,brook,folly,irony,conic,axiom,gloss,owlet,oasis,dogma,frond,scout,forge,adorn,crore,floor,hondo,crony,mocha,won't,cowry,grout,loose,hooch,spoke,droll,tempo,venom,broad,loyal,croon,block,decoy,monic,notch,corny,major,brown,bloop,cough,troff,poppy,foray,union,soupy,bough,radon,folic,stool,hovel,pivot,junco,wordy,mugho,hound,broil,chock,loess,woven,taxon,whole,geode,vogue,stoat,float,shako,groom,scion,noose,stock,oxbow,dowel,moldy,loath,forte,podge,freon,canto,broom,slosh,aloft,modem,bowie,macro,molal,conch,clown,story,dowry,gorse,carol,mooch,count,booby,women,annoy,comic,douce,objet,stone,felon,prowl,hoard,manor,buxom,ouvre,soggy,savoy,lodge,mezzo,cozen,odium,banjo,alloy,senor,amigo,coypu,begot,allow,south,argon,north,lousy,toxin,gonad,agony,tough,vocal,rodeo,orate,salon,basso,video,slope,occur,peony,colza,totem,kiosk,organ,touch,groan,ovary,clout,polis,patio,kodak,login,mouse,torah,lotus,lolly,rowdy,goody,about,above,force,other,nodal,toddy,jowly,argot,prior,ouzel,amort,drone,wormy,thong,scoff,troop,group,horde,rough,crown,xenon,tenor,stole,poach,molar,polar,arose,agone,bobby,foamy,cobra,hodge,crowd,lofty,scoot,croft,louse,lobar,motel,boyar,crock,focal,shore,howdy,among,often,joust,sonar,gloom,whose,tower,forth,royal,vacuo,cloth,motto,bowel,local,youth,arrow,snoop,solar,today,choir,moron,snook,cross,limbo,ozone,known,bogus,arson,cover,stoke,visor,young,rooky,wrong,burro,adobe,poise,point,throb,coral,boast,covet,clone,shoal,phone,nroff,error,yokel,sloth,robin,woody,nonce,sport,you'd,ratio,radio,model,obese,worse,brood,loris,befog,buteo,mason,house,whoop,tutor,booth,guano,who'd,cargo,couch,bravo,nomad,polio,demon,froze,anode,chord,estop,porch,scour,stove,horse,moose,salvo,wrote,topaz,broth,credo,elbow,onion,epoxy,kapok,moist,servo,oases,micro,scorn,sworn,idiot,coach,spout,meson,noisy,wolve,opera,tonal,foyer,gusto,grown,motor,coyly,heron,choke,cloud,vomit,flown,alone,gator,olive,dingo,comet,glory,motif,shoji,tonic,envoy,shook,locus,hydro,worry,proxy,mossy,gumbo,toxic,apron,drown,aorta,ionic,stoop,diode,comma,snort,douse,shout,torch,moral,boson,mango,biota,yodel,crook,swoop,toady,power,afoot,downy,blood,don't,mousy,mount,koala,probe,topic,scold,igloo,coast,bison,chore,novel,monad,scoop,baton,lobby,below,monte,synod,mambo,scope,blown,opium,sound,sober,botch,tango,would,moody,pouch,round,loamy,flour,dodge,stomp,bigot,zloty,minot,swore,copra,cameo,doubt,piano,lossy,globe,monel,aroma,knoll,bonus,clock,bloat,folio,miaow,robot,extol,hippo,could,moire,world,court,smoke,total,rotor,dough,vodka,rouge,jolly,shove,spore,prong,lemon,donor,jumbo,sword,chaos,clove,bacon,stoic,lingo,spoof,shone,noise
crump,photo,pleat,paste,spook,spare,proud,perky,pedal,epoch,posey,phlox,prone,steep,spool,pupae,clamp,swept,pansy,parry,sheep,speck,plain,panda,petri,input,padre,sharp,stump,petal,proof,droop,plasm,tepid,trump,plant,lumpy,grope,corps,scamp,strop,pilot,pique,strip,scalp,depot,plush,picky,punky,snipe,panty,prove,patch,spark,happy,blimp,proto,gypsy,passe,plate,sappy,pious,penna,optic,rupee,grasp,harpy,scarp,phony,prize,staph,leper,adopt,scrap,penny,pater,lymph,plank,sloop,okapi,spawn,spoon,chomp,spear,penis,split,champ,tipsy,prank,pooch,repel,plane,bicep,podia,spiny,posse,elope,plead,paddy,pampa,maple,pappy,slump,party,tippy,skimp,pride,putty,pinto,aphid,spicy,spoil,strap,plaza,punch,polka,pulse,pupil,soapy,poesy,typic,peace,gripe,posit,prose,peril,spume,prune,prime,puffy,bebop,setup,crepe,super,pixel,preen,plait,coupe,lapse,scops,clomp,print,pound,spell,playa,pussy,wispy,inapt,privy,aspen,spoke,grump,tempo,prexy,spiky,pearl,palsy,ample,piggy,apply,kappa,bloop,panel,depth,poppy,soupy,petit,pivot,patty,spree,plume,spunk,panic,peppy,tramp,spill,shape,spend,podge,gimpy,peter,ripen,phase,tripe,tulip,puree,spine,speak,prick,plump,spent,upset,prowl,pygmy,pause,sweep,peach,slurp,sperm,pinch,coypu,tempt,leapt,upend,paint,drupe,tappa,spire,crisp,tapis,tepee,adept,prism,phyla,slope,pithy,peony,papal,polis,patio,press,piety,swipe,pluck,pizza,peepy,spate,prior,sepia,troop,group,poach,polar,supra,spike,chump,spurn,lipid,chirp,speed,pasty,lapel,snoop,purse,usurp,penal,equip,apple,rapid,crypt,clasp,parse,poise,point,adapt,phone,peaky,pecan,place,psych,sport,stupa,spice,sprue,hyper,thump,nymph,pushy,whoop,plaid,impel,prude,cheap,polio,plunk,paean,peste,swamp,estop,spade,porch,aleph,topaz,stamp,space,syrup,epoxy,kapok,price,spout,opera,spite,creep,graph,papaw,jumpy,caper,hippy,tuple,proxy,mixup,spasm,apron,grape,pence,stoop,primp,whelp,alpha,petty,sepal,clump,inept,swoop,paper,power,splat,psalm,pasha,julep,puppy,probe,topic,scoop,culpa,tapir,crimp,plumb,spitz,scope,opium,pewee,spilt,crept,spurt,pouch,pitch,empty,layup,stomp,expel,copra,splay,piano,sleep,amply,drape,apart,scaup,erupt,pagan,parch,taper,phage,hippo,sprig,pupal,prima,viper,spore,prong,cramp,spray,bumpy,glyph,purge,perch,septa,spoof,piece,parka,dumpy,slept
quash,queen,quilt,quota,quern,quell,quill,squaw,pique,query,quest,quote,quaff,quirk,quack,squat,qualm,quart,quail,squid,queue,quick,quasi,quint,quiet,equip,quirt,squad,queer,equal,quark,quake,quite
brink,crump,xerox,whore,berth,criss,decry,orbit,regal,graft,adore,steer,elder,spare,abhor,erode,jerry,trick,bourn,swirl,flyer,myrrh,reedy,frown,trace,ivory,rigid,proud,metro,perky,scary,worst,defer,rutty,grime,trout,trait,trill,wrest,lager,chair,lemur,prone,score,lucre,brass,truss,crust,curio,where,baron,drain,roach,overt,wreak,truck,rocky,thorn,parry,hydra,crone,there,aware,petri,clerk,beryl,padre,sharp,d'art,whorl,quern,store,snore,proof,karma,droop,virus,bruit,inter,roast,rogue,harem,trump,alter,array,drill,exert,reign,briny,abort,grope,corps,grail,stork,blurb,minor,strop,flora,groat,maria,mural,strip,stern,infra,crate,morel,rondo,tress,query,runty,serge,torus,order,third,hover,merry,prove,vitro,brine,stair,offer,treat,green,never,spark,frank,growl,cedar,serve,crush,farad,razor,dream,straw,tardy,proto,risky,beard,sorry,alarm,front,frock,nurse,troll,rupee,board,girth,carne,mourn,mylar,merge,grasp,grief,rabbi,harpy,scarp,write,shire,curry,prize,alder,rhino,tread,snark,mirth,leper,drank,throw,water,froth,krill,runny,brawl,roost,scrap,borax,otter,blurt,dross,surge,pater,angry,grimy,boric,rangy,seder,forum,juror,lever,birth,gorge,spear,brush,shear,rival,urine,surly,prank,fraud,tarry,repel,wrist,drool,lurch,trade,eucre,fiery,curia,deter,bribe,erect,stray,curve,torso,burnt,grata,acorn,train,laura,ester,enter,party,ridge,rouse,zebra,lorry,pride,drawl,chart,hertz,smear,surah,radar,glare,osier,unary,ultra,strap,horny,frost,dread,quirk,threw,smart,cream,drunk,grace,sheer,trunk,livre,fever,broke,mayor,forty,turvy,gripe,arise,boron,shirk,dryad,eerie,wrath,prose,gourd,storm,brief,peril,rajah,groin,crude,prune,gross,rater,prime,worth,elver,crepe,drove,super,croak,decor,first,chard,grade,roomy,borne,route,grass,actor,preen,rilly,forgo,short,bring,carob,viral,fjord,carte,grove,print,flirt,nadir,brook,irony,berne,later,argue,rumen,quart,shrub,frond,forge,adorn,crore,harry,floor,crony,shred,dress,mater,cowry,privy,drive,grout,shirt,grump,churn,droll,prexy,knurl,sabra,infer,pearl,terry,broad,frail,larva,croon,trash,rever,corny,major,trial,sever,brown,bread,brick,agree,troff,foray,radon,guard,furze,wordy,broil,spree,augur,wring,groom,aural,tramp,caret,cruel,forte,we're,stare,peter,freon,ripen,broom,velar,revel,druid,tripe,briar,radix,grebe,freak,umbra,puree,beret,macro,aerie,avert,story,dowry,brave,gorse,carol,breed,egret,truth,rivet,wafer,dewar,prick,swart,verse,march,clear,brain,satyr,right,draft,their,prowl,brand,hoard,manor,ouvre,cheer,raise,crawl,slurp,ranch,senor,flair,harsh,sperm,argon,anger,north,crane,intra,jerky,crash,renal,drupe,cider,spire,derby,crisp,rheum,hater,rodeo,orate,prism,occur,shard,three,tiger,organ,fresh,groan,ovary,inert,twirl,press,meter,torah,bream,grain,irate,curie,snarl,rowdy,cairn,force,other,argot,prior,swear,gravy,amort,drone,wormy,troop,group,horde,rough,crown,tenor,triad,molar,polar,auger,arose,verge,supra,drink,radii,trust,cobra,crowd,screw,merit,break,acrid,share,eider,eager,spurn,runic,farce,croft,braid,rainy,heart,lobar,boyar,crock,shore,brake,scrim,chirp,sugar,trail,sonar,grate,dwarf,tower,forth,royal,scram,henry,arrow,purse,solar,refer,usurp,award,afire,choir,moron,weird,start,rusty,scarf,cross,azure,gruff,quirt,femur,rapid,thrum,arson,crass,swarm,crypt,cover,visor,drake,murre,rooky,wrong,crime,breve,shark,altar,burro,crave,parse,grave,throb,amber,coral,trans,greet,berry,blare,nroff,queer,cater,error,fruit,dairy,great,drift,graze,rifle,marsh,robin,randy,erase,sport,rummy,diary,ratio,ether,radio,crank,strut,grind,worse,sprue,hyper,truly,brood,loris,kerry,friar,bater,realm,ferry,fairy,furry,trite,tutor,under,craze,flare,prude,ready,circa,burly,cargo,tract,carve,murky,nerve,bravo,faery,cigar,marry,mercy,froze,bride,chord,porch,scour,horse,usury,alert,rhyme,wrote,broth,verve,syrup,cress,credo,versa,brace,price,grand,incur,burst,servo,earth,micro,scorn,sworn,lunar,reach,hurty,stark,opera,creed,foyer,creep,brant,grown,weber,motor,heron,graph,urban,strum,auric,entry,kraut,gator,scrub,caper,drama,glory,creek,hydro,worry,smirk,proxy,debar,wharf,grist,sneer,eater,dater,apron,risen,reave,weary,grape,drown,curse,brash,aorta,hurry,frill,luger,primp,mitre,snort,crack,rally,brute,extra,torch,veery,moral,creak,crest,whirl,utter,crook,brisk,grant,drawn,paper,retch,lurid,rabat,power,grill,learn,grunt,shrug,probe,rural,gnarl,quark,inure,crumb,remit,chore,siren,greed,ravel,tapir,wrack,frame,crimp,terse,franc,track,umber,trend,river,range,brunt,wreck,sober,arena,craft,usher,skirt,hardy,demur,crept,buret,spurt,round,maser,flour,rabid,kraft,vicar,crazy,snare,warty,leery,yearn,bract,swore,copra,carry,ulcer,large,drape,rebel,miser,apart,erupt,serum,aroma,parch,ember,shrew,taper,chert,relic,rinse,scare,lyric,robot,ruddy,larch,moire,world,cadre,riven,court,sprig,barre,tater,rotor,hairy,heard,aster,serif,prima,rouge,viper,dirge,spore,birch,prong,barge,charm,cramp,truce,raven,genre,spray,donor,sword,purge,every,tribe,perch,dirty,arhat,trawl,parka
somal,stave,criss,stale,onset,paste,stain,slink,messy,steer,spook,beset,sally,spare,shyly,swirl,stilt,stony,scary,swelt,abyss,quash,worst,dusty,ethos,lewis,posey,focus,twist,wrest,seven,slice,bosom,dulse,score,exist,steep,spool,silly,brass,truss,swift,sooth,crust,swept,shave,shish,flash,pansy,scull,sixty,smash,these,samba,sheep,speck,saint,gnash,slunk,smoky,gusty,sharp,midst,store,aside,stump,snore,solid,bossy,virus,daisy,stiff,roast,plasm,stagy,genus,style,squaw,guise,corps,sniff,scamp,stick,stork,strop,yeast,swain,scowl,sonic,strip,stern,shaky,scalp,gules,mucus,sinus,tress,plush,sixth,ashen,snipe,serge,torus,shale,mushy,stair,close,snout,basil,cosec,those,basal,spark,sweat,toast,quest,serve,crush,guess,steal,alias,straw,stunk,risky,sorry,gypsy,passe,sappy,usual,pious,stake,nurse,stood,grasp,scarp,lasso,slide,shire,snark,swung,staph,sting,boost,gases,roost,scrap,islet,dross,surge,seder,slung,sloop,nasty,solve,spawn,spoon,spear,brush,shear,penis,split,fussy,scale,tipsy,bliss,stack,stand,flesh,bassi,snowy,ghost,surly,skulk,slimy,basis,skunk,wrist,sough,singe,hasty,stray,sable,fetus,torso,testy,zesty,spiny,chose,stank,posse,shown,smote,ester,stage,slump,rouse,foist,skimp,sedge,blast,stout,nasal,chase,smear,surah,osier,spicy,shoot,spoil,sieve,goose,strap,frost,smart,feast,pulse,stein,guest,showy,sheer,soapy,satan,poesy,snail,sauna,class,aisle,silty,arise,shirk,posit,slack,abase,prose,shady,storm,blush,stash,spume,sumac,chasm,amass,gross,swine,stunt,salve,lusty,setup,smith,super,gutsy,first,squat,geese,sonny,coset,degas,grass,anise,sneak,lapse,short,scops,snick,spell,shock,stuck,stile,gloss,basin,oasis,shrub,cease,scout,chess,sauce,still,pussy,scaly,shred,minus,dress,stint,wispy,shuck,shell,flask,loose,aspen,shirt,spoke,spiky,sabra,askew,palsy,trash,sandy,sully,squid,misty,sheik,sever,angst,slime,sigma,soupy,stool,manse,musty,skeet,spree,loess,spunk,stoat,shako,scion,snuff,noose,stock,clash,stung,shaft,staid,sulky,spill,sinew,shape,spend,stare,steed,salty,vista,slosh,savvy,phase,swill,spine,saucy,swish,sheen,story,speak,gorse,tasty,taste,swart,verse,abash,satyr,sushi,spent,quasi,stone,upset,shiny,false,soggy,savoy,pause,sweep,raise,staff,smell,slurp,csnet,sedan,senor,humus,beast,harsh,sperm,assai,small,south,skill,lousy,crash,glass,slake,cause,sling,spire,crisp,state,tapis,salon,basso,prism,slope,shard,kiosk,fresh,glans,sulfa,polis,stead,mouse,press,swipe,lotus,sheaf,snarl,swiss,slave,spate,swear,sepia,scoff,scant,stole,flush,seedy,arose,supra,shall,spike,gassy,skull,trust,basic,suite,scald,bless,screw,share,scoot,spurn,tansy,study,louse,washy,dense,smelt,shake,sight,shore,shunt,joust,scrim,speed,sugar,sonar,whose,scram,pasty,caste,snoop,purse,solar,usurp,snook,start,stuff,rusty,scarf,cross,swing,bogus,since,arson,crass,swarm,gauss,stoke,visor,scene,shelf,clasp,fusty,shark,smile,parse,poise,boast,slash,shoal,trans,haste,slate,styli,shift,squad,steak,sloth,isn't,amiss,psych,marsh,essay,stink,skein,erase,steel,sport,ascii,stall,easel,slang,stupa,obese,waste,strut,spice,worse,sprue,loris,satin,pushy,mason,house,situs,assay,swath,snafu,sleek,visit,issue,balsa,leash,peste,swamp,welsh,estop,spade,scour,swank,stove,wishy,horse,moose,emacs,salvo,usury,stamp,space,syrup,cress,tense,versa,slain,moist,skiff,smack,burst,servo,sisal,oases,scorn,sworn,spout,meson,noisy,stark,sidle,spite,feces,fishy,gusto,strum,suave,shawl,scrub,shoji,talus,she'd,bushy,swami,shook,locus,smirk,mossy,shine,grist,shill,sneer,lease,spasm,risen,baste,curse,brash,stoop,aegis,snort,music,douse,elves,shout,scuff,chest,boson,abuse,crest,abbas,sepal,sheet,swoop,brisk,shade,shank,snack,latus,saute,sweet,splat,psalm,mousy,slant,pasha,sleet,shrug,tease,shack,sibyl,scold,coast,scent,bison,scoop,siren,seamy,whisk,terse,synod,sense,spitz,scope,scuba,musky,sound,lisle,sober,usher,shame,skirt,snell,inset,spilt,snake,spurt,smite,maser,mayst,steam,swell,slick,stomp,atlas,awash,snare,usage,salad,dusky,waist,swore,seize,blest,splay,silky,lossy,husky,sleep,miser,scaup,serum,shrew,bonus,sunny,rinse,scare,smoke,sprig,stalk,slush,amuse,aster,serif,shove,spore,siege,spray,sword,chaos,stoic,skate,septa,least,spoof,shone,asset,noise,slept
tilth,blitz,stave,berth,photo,tibia,orbit,stale,graft,pleat,fleet,tidal,onset,paste,stain,steer,beset,trick,stilt,stony,trace,nifty,metro,vitae,swelt,chute,worst,tinny,taint,agate,rutty,dusty,octal,ethos,cacti,trout,trait,trill,hitch,twist,wrest,exist,steep,inlet,truss,swift,sooth,crust,quilt,audit,ovate,swept,quota,motet,might,eight,overt,tizzy,match,truck,joint,sixty,thorn,hotel,these,there,withy,saint,petri,input,towel,gusty,midst,d'art,cotty,store,flout,cleat,white,stump,withe,petal,tulle,bruit,inter,allot,stiff,roast,tepid,trump,stagy,tenon,alter,style,exert,plant,davit,abort,atoll,lefty,fault,stick,stork,octet,strop,pilot,groat,yeast,strip,stern,crate,depot,ought,tress,bathe,tommy,until,sixth,runty,torus,third,panty,tooth,vitro,demit,stair,treat,snout,night,patch,those,etude,sweat,toast,quest,tacky,steal,straw,stunk,month,tardy,proto,fetid,tinge,booty,plate,stake,front,tying,optic,troll,stood,fetch,laity,taffy,girth,tight,write,diety,tread,staph,mirth,talon,sting,ditch,adopt,throw,boost,water,froth,roost,ingot,neath,islet,otter,blurt,pater,tweak,timid,edict,ditto,nasty,birth,haunt,quote,split,tipsy,fifty,stack,gamut,stand,meant,ghost,gloat,tarry,ethic,acute,wrist,flint,kitty,tangy,butte,trade,cotta,deter,feint,thumb,hasty,erect,stray,waltz,fetus,torso,exalt,testy,burnt,grata,zesty,train,hutch,stank,smote,ester,stage,enter,party,tippy,thick,foist,dealt,chart,blast,stout,hertz,putty,pinto,shoot,ultra,tithe,elute,strap,frost,threw,mouth,smart,feast,stein,guest,limit,satan,trunk,typic,meaty,forty,silty,thyme,turvy,tecum,posit,token,think,wrath,storm,stash,theme,death,rater,taboo,worth,digit,stunt,lusty,setup,abbot,taunt,smith,fetal,gutsy,batik,first,squat,facet,habit,coset,route,actor,plait,natal,blunt,talky,short,latex,ain't,facto,atone,carte,fount,print,flirt,stuck,tenet,stile,later,butyl,twine,junta,ketch,owlet,hefty,quart,scout,matte,still,natty,won't,stint,agent,mater,eaten,inapt,grout,shirt,tempo,heath,witty,terry,faint,theta,trash,notch,yacht,misty,trial,twice,angst,ditty,begat,depth,troff,petit,stool,pivot,musty,patty,skeet,betel,taxon,filet,stoat,float,bluet,stock,beget,stung,shaft,tramp,chant,staid,caret,watch,metal,loath,tunic,forte,stare,width,peter,vital,canto,lithe,steed,salty,vista,aloft,tripe,tulip,batch,datum,beret,avert,tibet,story,knelt,egret,truth,rivet,count,tasty,taste,swart,satyr,right,spent,draft,dicta,objet,stone,light,itchy,upset,their,quint,staff,adult,csnet,beast,begot,south,north,tempt,leapt,intra,paint,witch,toxin,tappa,tough,state,tapis,can't,hater,tepee,adept,orate,ethyl,pithy,three,totem,tiger,touch,lathe,dwelt,clout,patio,valet,inert,stead,twirl,piety,meter,torah,glint,lotus,irate,attic,about,other,toddy,argot,spate,tally,amort,thong,troop,multi,elect,scant,nitty,tenor,triad,stole,elite,await,trust,suite,cleft,lofty,merit,anent,scoot,tansy,study,croft,heart,guilt,wheat,it'll,motel,smelt,sight,shunt,often,joust,fatal,trail,bitch,grate,tower,forth,cloth,motto,quiet,pasty,caste,youth,today,admit,start,stuff,elate,rusty,quirt,thrum,crypt,stoke,fusty,butch,altar,evict,cheat,point,throb,boast,covet,event,tacit,adapt,vetch,civet,thine,trans,haste,slate,greet,styli,shift,table,steak,cater,fruit,sloth,great,isn't,drift,eclat,fatty,amity,stink,deity,steel,sport,taiga,ratio,ether,stall,latch,stupa,waste,mulct,strut,truly,thump,bater,satin,buteo,teeth,situs,trite,tutor,booth,swath,visit,tract,theft,thief,thank,peste,estop,exult,stove,alert,wrote,topaz,broth,stamp,tense,ducat,moist,twain,tenth,burst,earth,idiot,spout,hurty,stark,giant,tonal,spite,brant,gusto,motor,strum,vomit,entry,kraut,gator,comet,motif,talus,tonic,hatch,title,tuple,grist,toxic,eater,dater,baste,aorta,stoop,mitre,unity,snort,brute,shout,extra,torch,chest,exact,petty,crest,utter,befit,biota,thigh,cadet,sheet,inept,toady,grant,retch,taken,latus,rabat,tawny,saute,sweet,afoot,splat,don't,slant,mount,sleet,grunt,bleat,tease,faith,gaunt,tweed,topic,coast,scent,debut,remit,debit,baton,tapir,monte,tatty,terse,track,spitz,trend,brunt,veldt,filth,botch,tango,utile,ninth,craft,daunt,skirt,inset,spilt,crept,buret,spurt,smite,pitch,mayst,delta,steam,empty,kraft,stomp,atlas,warty,bigot,zloty,bract,waist,minot,blest,doubt,abate,eject,apart,erupt,cubit,tilde,taper,quite,chert,bloat,robot,extol,flute,built,unite,court,fifth,total,tater,rotor,stalk,aster,twill,catch,truce,stoic,teach,tribe,fight,skate,dirty,vault,antic,arhat,septa,least,trawl,asset,thing,slept
crump,gunny,bound,ounce,bourn,proud,bayou,chute,quash,fungi,rutty,dusty,trout,focus,flunk,funny,lemur,bluff,dulse,lucre,pupae,truss,queen,crust,quilt,audit,curio,quota,truck,scull,slunk,humid,input,gusty,dully,quern,quell,flout,value,stump,tulle,human,budge,virus,bruit,rogue,trump,genus,juice,quill,funky,squaw,lumpy,fault,guise,album,blurb,pique,mural,build,gules,fluff,ought,mucus,sinus,plush,until,query,runty,punky,torus,mushy,lucid,snout,etude,quest,crush,guess,stunk,lumen,usual,pious,aloud,nurse,rupee,mourn,ghoul,joule,vouch,curry,audio,exude,swung,unify,runny,found,blurt,surge,forum,juror,slung,haunt,brush,quote,fussy,gamut,urine,chuck,lucky,surly,fraud,hunch,gluey,gauge,skulk,acute,skunk,fudge,butte,lurch,hough,eucre,curia,mecum,sough,thumb,dummy,curve,fetus,burnt,quaff,fluid,munch,hutch,gauzy,laura,flung,haiku,gouge,slump,gunky,rouse,begun,stout,bulge,putty,surah,unary,ultra,kulak,elute,quirk,punch,mouth,pulse,drunk,pupil,guest,trunk,sauna,turvy,tecum,wound,gourd,blush,spume,mould,sumac,crude,prune,puffy,stunt,quack,lusty,setup,taunt,super,elude,gutsy,gaudy,squat,qualm,kombu,route,fully,blunt,coupe,mound,bunch,fount,pound,annul,stuck,judge,argue,butyl,junta,rumen,quart,shrub,scout,sauce,laugh,pussy,minus,quail,bundy,shuck,grout,grump,churn,knurl,kudzu,hilum,sully,squid,chuff,cough,union,soupy,bough,guard,junco,furze,musty,mugho,hound,bulky,plume,spunk,augur,vogue,fauna,bluet,snuff,stung,aural,queue,sulky,cruel,guide,tunic,caulk,druid,tulip,quick,buggy,datum,umbra,puree,saucy,truth,count,sushi,plump,douce,quasi,upset,quint,buxom,ouvre,pause,auxin,odium,adult,slurp,humus,coypu,south,buddy,lousy,upend,cluck,drupe,cause,tough,rheum,occur,touch,clout,sulfa,mouse,cubby,lunge,lotus,cumin,pluck,curie,bugle,clung,about,ouzel,group,multi,rough,flush,auger,supra,skull,trust,chump,suite,spurn,runic,study,louse,guilt,shunt,joust,sugar,vacuo,quiet,guild,youth,purse,usurp,stuff,equip,rusty,azure,gruff,quirt,femur,bogus,thrum,annum,gauss,young,murre,hubby,fusty,butch,burro,mulch,ileum,muggy,squad,queer,junky,fruit,uncle,bunny,you'd,rummy,equal,stupa,mulct,strut,sprue,truly,imbue,thump,buteo,pushy,house,situs,furry,tutor,under,guano,prude,snafu,burly,gully,couch,murky,issue,plunk,fluke,guile,exult,scour,usury,dunce,syrup,vague,ducat,incur,burst,lunar,spout,hurty,beaux,gusto,urban,strum,suave,cloud,auric,jumpy,kraut,scrub,talus,bushy,locus,tuple,mixup,gumbo,curse,hurry,luger,unity,music,douse,brute,shout,scuff,lunch,abuse,utter,clump,latus,lurid,saute,degum,mousy,mount,julep,grunt,puppy,shrug,yucca,gaunt,mauve,rural,gauze,gulch,awful,juicy,quark,inure,crumb,debut,culpa,adieu,plumb,chunk,umber,muddy,scuba,musky,brunt,opium,sound,fugue,utile,would,daunt,usher,demur,buret,spurt,pouch,round,vacua,flour,layup,usage,bully,cubic,dusky,ulcer,doubt,mummy,husky,scaup,erupt,cubit,serum,gummy,quake,buzzy,bonus,quite,sunny,debug,fugal,ruddy,could,nudge,flute,built,unite,court,dough,slush,amuse,pupal,rouge,truce,fuzzy,bumpy,jumbo,purge,vault,deuce,dumpy
stave,ivory,vitae,seven,evoke,ovate,shave,levee,overt,viola,movie,civil,value,chevy,virus,livid,gavel,davit,liven,glove,hover,prove,vitro,level,never,serve,coven,vouch,waive,lever,solve,rival,agave,curve,havoc,voice,novae,sieve,livre,fever,valid,turvy,avoid,vowel,we've,elver,salve,drove,naval,divan,fovea,viral,bevel,grove,privy,drive,venom,larva,rever,given,sever,hovel,pivot,naive,woven,halve,vogue,vixen,vital,velar,revel,vista,savvy,avert,brave,rivet,verse,ouvre,savoy,weave,vocal,video,ovary,navel,valet,vigil,slave,above,gravy,verge,haven,calve,vacuo,anvil,cover,visor,heavy,breve,crave,evict,grave,covet,event,vetch,civet,leave,avail,evade,visit,carve,nerve,bravo,delve,stove,salvo,valve,verve,versa,vague,servo,wolve,vying,suave,vomit,olive,envoy,reave,heave,elves,veery,villa,chive,mauve,novel,ravel,cavil,river,veldt,devil,alive,vivid,vacua,vicar,vinyl,riven,avian,vodka,viper,civic,shove,raven,venal,clove,every,vault
whore,swirl,frown,swelt,waken,worst,lewis,twist,wrest,swift,swept,where,wreak,withy,aware,towel,whine,whorl,white,withe,squaw,swain,scowl,macaw,sweat,growl,straw,awoke,write,waxen,swung,whale,throw,water,chewy,brawl,waive,tweak,spawn,snowy,wrist,widow,waltz,shown,walla,drawl,bylaw,threw,wacke,showy,whack,winch,wrath,wound,woman,vowel,we've,worth,swine,wacky,weigh,endow,we'll,twine,owlet,jewel,won't,wispy,cowry,witty,askew,twice,brown,wordy,which,woven,whole,whelm,awake,wring,oxbow,watch,dowel,sinew,wield,we're,width,swill,bowie,whelk,clown,swish,dowry,wafer,dewar,women,swart,prowl,sweep,crawl,allow,witch,weave,dwelt,twirl,swipe,whiff,rowdy,swiss,wedge,jowly,swear,wormy,crown,byway,await,crowd,screw,windy,wheat,washy,howdy,whose,dwarf,tower,nawab,wally,bowel,arrow,award,weird,while,swing,known,swarm,wrong,gawky,woody,waste,worse,whoop,swath,who'd,bawdy,newel,swamp,welsh,swank,wishy,wrote,elbow,twain,sworn,wolve,grown,weber,papaw,shawl,flown,swami,worry,wharf,weary,drown,wince,whelp,whirl,swoop,drawn,tawny,sweet,power,downy,tweed,awful,weedy,wrack,below,whisk,blown,widen,wreck,wheel,pewee,would,swell,awash,warty,waist,swore,dwell,shrew,miaow,world,twill,sword,trawl
xerox,codex,phlox,exist,sixty,exile,oxide,exert,annex,sixth,waxen,exude,oxeye,excel,borax,exalt,pixel,latex,helix,axiom,prexy,infix,taxon,oxbow,vixen,xylem,axial,radix,buxom,auxin,toxin,index,xenon,calyx,affix,exult,epoxy,admix,maxim,beaux,proxy,mixup,toxic,extra,exact,expel,extol
hying,decry,mommy,messy,gunny,sally,jerry,daffy,cagey,shyly,flyer,myrrh,reedy,stony,ivory,nifty,perky,scary,bayou,abyss,allyl,tinny,deify,rutty,dusty,posey,funny,edify,silly,coney,belly,boggy,milky,tizzy,rocky,pansy,sixty,parry,hydra,withy,smoky,gusty,beryl,dully,cotty,foggy,hobby,honey,heady,chevy,bossy,daisy,mealy,stagy,array,leggy,funky,style,goofy,lumpy,briny,lefty,honky,yeast,shaky,tommy,filly,picky,query,runty,punky,panty,merry,booky,mushy,bogey,happy,tacky,cooky,tardy,risky,sorry,gypsy,booty,sappy,cocky,hyena,tying,laity,taffy,mylar,harpy,phony,diety,curry,candy,oxeye,unify,leafy,chewy,mynah,runny,penny,nylon,angry,grimy,rangy,lymph,nasty,cycle,fussy,tipsy,fifty,snowy,lucky,golly,hoagy,surly,tarry,gluey,cynic,slimy,kitty,tangy,ebony,fiery,hasty,stray,dummy,testy,zesty,spiny,gauzy,abbey,paddy,pappy,gunky,party,tippy,lorry,putty,unary,spicy,bylaw,horny,showy,soapy,poesy,typic,meaty,mayor,jimmy,forty,silty,hymen,thyme,turvy,dryad,shady,puffy,lusty,wacky,gutsy,gaudy,dolly,sonny,roomy,fully,rilly,talky,holly,money,yield,playa,hilly,folly,irony,butyl,hefty,harry,pussy,crony,scaly,natty,fancy,wispy,cowry,bundy,privy,prexy,spiky,witty,terry,needy,palsy,loyal,decoy,jelly,sandy,corny,yacht,sully,leaky,misty,piggy,apply,ditty,poppy,foray,soupy,wordy,musty,patty,bulky,caddy,peppy,sulky,moldy,gimpy,elegy,xylem,salty,kinky,savvy,lying,buggy,saucy,story,dowry,booby,tasty,annoy,satyr,biddy,itchy,dying,shiny,pygmy,soggy,savoy,dingy,alloy,coypu,baldy,buddy,lousy,jerky,jiffy,agony,inlay,derby,ethyl,phyla,pithy,peony,decay,lynch,ovary,cubby,piety,lolly,rowdy,idyll,goody,peepy,allay,dizzy,toddy,jowly,tally,gravy,wormy,lycee,nitty,cycad,byway,seedy,bobby,gassy,foamy,lofty,tansy,windy,study,rainy,washy,boyar,howdy,flaky,royal,wally,henry,pasty,youth,today,rusty,daddy,crypt,young,hubby,rooky,fusty,heavy,bandy,lanky,jazzy,handy,muggy,styli,berry,peaky,junky,yokel,dairy,calyx,bunny,psych,gawky,fatty,amity,essay,woody,deity,randy,you'd,rummy,diary,balmy,canny,hyper,truly,dally,kerry,nymph,maybe,pushy,assay,ferry,fairy,furry,finny,bawdy,ready,burly,gully,billy,murky,faery,marry,mercy,wishy,usury,rhyme,delay,syrup,epoxy,baggy,beady,noisy,hurty,gibby,foyer,fishy,vying,coyly,jumpy,entry,glory,hippy,bushy,balky,envoy,hydro,worry,proxy,mossy,weary,jenny,hurry,unity,rally,veery,petty,yodel,toady,tawny,downy,mousy,puppy,yucca,beefy,giddy,sibyl,juicy,weedy,lobby,seamy,tatty,synod,muddy,musky,mangy,hardy,moody,loamy,mayst,empty,layup,crazy,warty,leery,vinyl,yearn,bully,dusky,zloty,carry,splay,mummy,silky,kelly,lossy,husky,amply,gummy,buzzy,sunny,lyric,ruddy,dandy,hairy,enemy,jolly,alley,fuzzy,spray,bumpy,filmy,glyph,every,dirty,dumpy
blitz,tizzy,hazel,dozen,booze,bonze,razor,gizmo,prize,zilch,waltz,blaze,zesty,gauzy,zebra,hertz,bezel,plaza,kazoo,glaze,kudzu,zazen,furze,mezzo,cozen,colza,pizza,dizzy,ouzel,amaze,azure,ozone,jazzy,graze,craze,froze,topaz,gauze,spitz,crazy,zloty,seize,buzzy,fuzzy
